Date,CHN,EUR,GBP,USD,SDR,YEN,ZAR
"10 Sep 2026",0.5130,0.0657,0.0564,0.0765,0.0557,11.7500,1.2267
"09 Sep 2026",0.5138,0.0658,0.0565,0.0766,0.0557,11.7400,1.2252
"08 Sep 2026",0.5134,0.0658,0.0565,0.0765,0.0557,11.7600,1.2265
"07 Sep 2026",0.5140,0.0660,0.0566,0.0766,0.0558,11.9300,1.2235
"04 Sep 2026",0.5142,0.0659,0.0566,0.0766,0.0558,11.9600,1.2242
"03 Sep 2026",0.5133,0.0659,0.0567,0.0763,0.0558,12.0100,1.2256
"02 Sep 2026",0.5115,0.0657,0.0563,0.0761,0.0556,12.1400,1.2296
"01 Sep 2026",0.5122,0.0657,0.0563,0.0762,0.0557,12.1900,1.2286
"31 Aug 2026",0.5117,0.0657,0.0562,0.0761,0.0556,12.1700,1.2296
"28 Aug 2026",0.5149,0.0658,0.0563,0.0766,0.0559,12.2100,1.2250
"27 Aug 2026",0.5155,0.0658,0.0564,0.0767,0.0559,12.2200,1.2237
"26 Aug 2026",0.5160,0.0658,0.0563,0.0768,0.0559,12.2100,1.2235
"25 Aug 2026",0.5149,0.0657,0.0562,0.0766,0.0558,12.2000,1.2264
"07 Nov 2023",0.5405,0.0693,0.0602,0.0742,0.0563,11.1500,1.3600
"06 Nov 2023",0.5422,0.0693,0.0601,0.0744,0.0563,11.1300,1.3576
"03 Nov 2023",0.5418,0.0696,0.0606,0.0740,0.0563,11.1200,1.3590
"02 Nov 2023",0.5402,0.0695,0.0605,0.0737,0.0605,11.0800,1.3638
"01 Nov 2023",0.5379,0.0694,0.0604,0.0733,0.0560,11.0900,1.3696
"31 Oct 2023",0.5352,0.0689,0.0601,0.0730,0.0556,10.9700,1.3796
"30 Oct 2023",0.5355,0.0692,0.0603,0.0731,0.0558,10.9300,1.3762
"18 Dec 2019",0.6526,0.0837,0.0711,0.0932,0.0675,10.2000,1.3412
"17 Dec 2019",0.6527,0.0837,0.0703,0.0933,0.0675,10.2200,1.3415
"16 Dec 2019",0.6501,0.0834,0.0694,0.0929,0.0929,10.1600,1.3493
"13 Dec 2019",0.6492,0.0834,0.0691,0.0931,0.0672,10.2000,1.3481
"12 Dec 2019",0.6492,0.0829,0.0699,0.0924,0.0669,10.0300,1.3571
"21 Feb 2020",0.6359,0.0836,0.0700,0.0902,0.0663,10.1000,1.3656
"20 Feb 2020",0.6353,0.0838,0.0701,0.0904,0.0664,10.0800,1.3635
"19 Feb 2020",0.6366,0.0842,0.0705,0.0908,0.0699,10.0000,1.3595
"18 Feb 2020",0.6350,0.0837,0.0698,0.0907,0.0664,9.9600,1.3645
"17 Feb 2020",0.6371,0.0842,0.0700,0.0912,0.0667,10.0200,1.3560
"08 Apr 2019",0.6319,0.0837,0.0720,0.0940,0.0678,10.4700,1.3297
"05 Apr 2019",0.0939,0.0838,0.0718,0.0942,0.0679,10.5200,1.3270
"04 Apr 2019",0.6307,0.0835,0.0712,0.0939,0.0676,10.4600,1.3331
"03 Apr 2019",0.6311,0.0838,0.0715,0.0940,0.0677,10.4800,1.3299
"14 Aug 2019",0.6380,0.0813,0.0753,0.0908,0.0661,9.6600,1.3748
"13 Aug 2019",0.6422,0.0807,0.0750,0.0904,0.0657,9.5200,1.3833
"12 Aug 2019",0.6412,0.0807,0.0750,0.0904,0.0657,9.5300,1.3836
"13 Aug 2019",0.6370,0.0837,0.0724,0.0951,0.0682,10.5300,1.3179
"27 Feb 2019",0.6373,0.0837,0.0720,0.0953,0.0682,10.5300,1.3173
"25 Feb 2019",0.6338,0.0836,0.0725,0.0948,0.0680,10.4900,1.3217
"07 Aug 2019",0.6471,0.0816,0.0752,0.0914,0.0664,9.7100,1.3652
"06 Aug 2019",0.6484,0.0818,0.0818,0.0917,0.0666,9.7600,1.3600
"05 Aug 2019",0.6470,0.0822,0.0755,0.0914,0.0666,9.6900,1.3610
