made_at,for_date,pred_log_index,w,crawl_pct,window,model,latest_obs,lead_days,bob_published_today
2026-09-10T22:28:16,2026-09-11,-1.34539161,0.4988,-2.787,90,rolling-ols-v0,,,
2026-09-12T09:05:42,2026-09-14,-1.35326310,0.4964,-2.777,90,rolling-ols-v0,,,
2026-09-15T09:00:09,2026-09-15,-1.35492420,0.4958,-2.769,90,rolling-ols-v0,,,
2026-09-15T10:20:38,2026-09-16,-1.35468082,0.4960,-2.764,90,rolling-ols-v0,,,
2026-09-18T09:00:05,2026-09-18,-1.35661566,0.4954,-2.757,90,rolling-ols-v0,2026-09-17,1,no
2026-09-19T09:00:06,2026-09-21,-1.35726321,0.4953,-2.748,90,rolling-ols-v0,2026-09-18,3,no
2026-09-22T09:00:06,2026-09-22,-1.35772566,0.4951,-2.743,90,rolling-ols-v0,2026-09-21,1,no
2026-09-24T09:09:57,2026-09-24,-1.35518365,0.4960,-2.735,90,rolling-ols-v0,2026-09-23,1,no
2026-09-25T09:12:36,2026-09-28,-1.34795927,0.4985,-2.741,90,rolling-ols-v0,2026-09-25,3,yes
