effective_from,effective_to,crawl_pct_pa,date_precision,source
2005-06-01,2006-06-30,-4.80,month,BoB Current Exchange Rate Framework Table 1
2006-07-01,2007-06-30,-3.90,month,BoB Current Exchange Rate Framework Table 1
2007-07-01,2009-02-28,-2.30,month,BoB Current Exchange Rate Framework Table 1
2009-03-01,2010-03-31,-2.91,month,BoB Current Exchange Rate Framework Table 1
2010-04-01,2012-05-31,-2.61,month,BoB Current Exchange Rate Framework Table 1
2012-06-01,2014-12-31,-0.16,month,BoB Current Exchange Rate Framework Table 1
2015-01-01,2015-12-31,0.00,month,BoB Current Exchange Rate Framework Table 1
2016-01-01,2016-12-31,0.38,month,BoB Current Exchange Rate Framework Table 1
2017-01-01,2017-12-31,0.26,month,BoB Current Exchange Rate Framework Table 1
2018-01-01,2018-12-31,-0.30,month,BoB Current Exchange Rate Framework Table 1
2019-01-01,2019-12-31,0.30,month,BoB Current Exchange Rate Framework Table 1
2020-01-01,2020-04-30,-1.51,month,BoB Current Exchange Rate Framework Table 1
2020-05-01,2022-12-31,-2.87,month,BoB Current Exchange Rate Framework Table 1
2023-01-01,2025-06-30,-1.51,month,BoB Current Exchange Rate Framework Table 1
2025-07-01,,-2.76,month,BoB Current Exchange Rate Framework Table 1
